"#","filename","title","prompt","status","notes"
"1","why-art-forgeries-are-so-hard-to-catch.jpg","Why Art Forgeries Are So Hard to Catch","A photorealistic editorial documentary photograph, 16:9 landscape. A conservator in a quiet museum laboratory examining an old oil painting under raking lamplight, magnifier in hand, cracked varnish surface catching the light. Shoot it in natural available light with honest muted colour, candid and unstaged, with real texture and a calm, uncluttered composition. Every surface in the frame is blank and unmarked, and the photograph carries no lettering, signage, logo or watermark.","",""
"2","why-extreme-heat-is-deadlier-than-extreme-cold.jpg","Why Extreme Heat Kills More People Than Extreme Cold","A photorealistic editorial documentary photograph, 16:9 landscape. A sun-bleached city street at midday in a heatwave, air shimmering with visible heat haze above the asphalt, a lone figure crossing in the far distance. Shoot it in natural available light with honest muted colour, candid and unstaged, with real texture and a calm, uncluttered composition. Every surface in the frame is blank and unmarked, and the photograph carries no lettering, signage, logo or watermark.","",""
"3","why-eye-contact-norms-vary-by-culture.jpg","Why Eye Contact Norms Vary by Culture","A photorealistic editorial documentary photograph, 16:9 landscape. Two people in conversation across a small café table, one holding a steady gaze and the other glancing courteously downward, warm window light. Shoot it in natural available light with honest muted colour, candid and unstaged, with real texture and a calm, uncluttered composition. Every surface in the frame is blank and unmarked, and the photograph carries no lettering, signage, logo or watermark.","",""
"4","why-fairy-tales-were-originally-written-for-adults.jpg","Why Fairy Tales Were Originally Written for Adults","A photorealistic editorial documentary photograph, 16:9 landscape. A candlelit seventeenth-century salon interior, a leather-bound book open on a side table beside a half-finished glass of wine, chairs drawn into a circle. Shoot it in natural available light with honest muted colour, candid and unstaged, with real texture and a calm, uncluttered composition. Every surface in the frame is blank and unmarked, and the photograph carries no lettering, signage, logo or watermark.","",""
"5","why-feral-children-cases-shaped-nature-vs-nurture-debates.jpg","Why Feral Children Cases Shaped Nature-Nurture Debates","A photorealistic editorial documentary photograph, 16:9 landscape. An empty forest clearing at dusk with a small worn child's shoe resting in the leaf litter, soft mist between the trunks. Shoot it in natural available light with honest muted colour, candid and unstaged, with real texture and a calm, uncluttered composition. Every surface in the frame is blank and unmarked, and the photograph carries no lettering, signage, logo or watermark.","",""
"6","why-fingerprints-never-change-throughout-life.jpg","Why Fingerprints Never Change Throughout Life","A photorealistic editorial documentary photograph, 16:9 landscape. Extreme macro of a human fingertip pressed against clean glass, the ridge pattern lit from the side, tiny whorls in crisp detail. Shoot it in natural available light with honest muted colour, candid and unstaged, with real texture and a calm, uncluttered composition. Every surface in the frame is blank and unmarked, and the photograph carries no lettering, signage, logo or watermark.","",""
"7","why-first-impressions-are-so-hard-to-change.jpg","Why First Impressions Are So Hard to Change","A photorealistic editorial documentary photograph, 16:9 landscape. Two people meeting and shaking hands in a bright office lobby doorway, the moment of first contact, natural daylight from behind. Shoot it in natural available light with honest muted colour, candid and unstaged, with real texture and a calm, uncluttered composition. Every surface in the frame is blank and unmarked, and the photograph carries no lettering, signage, logo or watermark.","",""
"8","why-flamingos-actually-stand-on-one-leg.jpg","Why Flamingos Actually Stand on One Leg","A photorealistic editorial documentary photograph, 16:9 landscape. A single flamingo standing on one leg in shallow still water at dawn, its reflection perfectly mirrored, pale pink against soft grey light. Shoot it in natural available light with honest muted colour, candid and unstaged, with real texture and a calm, uncluttered composition. Every surface in the frame is blank and unmarked, and the photograph carries no lettering, signage, logo or watermark.","",""
"9","why-flight-prices-seem-to-rise-after-you-search-twice.jpg","Why Flight Prices Seem to Rise the Moment You Search Twice","A photorealistic editorial documentary photograph, 16:9 landscape. An airport departures hall at blue hour seen from a distance, travellers as soft silhouettes, a wall of blank glowing display panels with no legible content. Shoot it in natural available light with honest muted colour, candid and unstaged, with real texture and a calm, uncluttered composition. Every surface in the frame is blank and unmarked, and the photograph carries no lettering, signage, logo or watermark.","",""
"10","why-food-additives-get-banned-in-some-countries-and-not-others.jpg","Why Food Additives Get Banned in Some Countries and Not Others","A photorealistic editorial documentary photograph, 16:9 landscape. A laboratory bench with unlabelled glass vials of coloured food powders arranged in a row beside a pipette and a white ceramic dish. Shoot it in natural available light with honest muted colour, candid and unstaged, with real texture and a calm, uncluttered composition. Every surface in the frame is blank and unmarked, and the photograph carries no lettering, signage, logo or watermark.","",""
"11","why-forest-bathing-became-a-wellness-trend.jpg","Why Forest Bathing Became a Wellness Trend","A photorealistic editorial documentary photograph, 16:9 landscape. Shafts of morning light falling through a dense cedar forest onto a moss-covered path, a person standing still and small among the trunks. Shoot it in natural available light with honest muted colour, candid and unstaged, with real texture and a calm, uncluttered composition. Every surface in the frame is blank and unmarked, and the photograph carries no lettering, signage, logo or watermark.","",""
"12","why-friday-holds-special-significance-in-islamic-tradition.jpg","Why Friday Holds Special Significance in Islam","A photorealistic editorial documentary photograph, 16:9 landscape. The airy interior of a mosque prayer hall before congregational prayer, sunlight falling across empty carpet rows and a row of arched columns. Shoot it in natural available light with honest muted colour, candid and unstaged, with real texture and a calm, uncluttered composition. Every surface in the frame is blank and unmarked, and the photograph carries no lettering, signage, logo or watermark.","",""
"13","why-game-soundtracks-are-composed-before-the-game-is-finished.jpg","Why Game Soundtracks Are Composed Before the Game Is Finished","A photorealistic editorial documentary photograph, 16:9 landscape. A composer's home studio at night, hands resting on a MIDI keyboard, studio monitors and cables lit by a single warm desk lamp. Shoot it in natural available light with honest muted colour, candid and unstaged, with real texture and a calm, uncluttered composition. Every surface in the frame is blank and unmarked, and the photograph carries no lettering, signage, logo or watermark.","",""
"14","why-gifted-and-talented-programs-are-controversial.jpg","Why Gifted and Talented Programs Are Controversial","A photorealistic editorial documentary photograph, 16:9 landscape. An empty classroom with one desk pulled apart from the neat rows, late afternoon light across the floor. Shoot it in natural available light with honest muted colour, candid and unstaged, with real texture and a calm, uncluttered composition. Every surface in the frame is blank and unmarked, and the photograph carries no lettering, signage, logo or watermark.","",""
"15","why-gossip-exists-in-every-human-culture.jpg","Why Gossip Exists in Every Human Culture","A photorealistic editorial documentary photograph, 16:9 landscape. Three women leaning close together over tea in a sunlit courtyard, mid-conversation, hands animated, a fourth chair empty. Shoot it in natural available light with honest muted colour, candid and unstaged, with real texture and a calm, uncluttered composition. Every surface in the frame is blank and unmarked, and the photograph carries no lettering, signage, logo or watermark.","",""
"16","why-grade-inflation-happens-at-universities.jpg","Why Grade Inflation Happens at Universities","A photorealistic editorial documentary photograph, 16:9 landscape. A stack of marked essay papers on a tutor's desk beside a red pen and cold coffee, window light from the left. Shoot it in natural available light with honest muted colour, candid and unstaged, with real texture and a calm, uncluttered composition. Every surface in the frame is blank and unmarked, and the photograph carries no lettering, signage, logo or watermark.","",""
"17","why-grandparents-play-such-different-roles-across-cultures.jpg","Why Grandparents Play Such Different Roles Across Cultures","A photorealistic editorial documentary photograph, 16:9 landscape. An older woman and a small child cooking together at a kitchen counter in a modest home, flour on their hands, warm afternoon light. Shoot it in natural available light with honest muted colour, candid and unstaged, with real texture and a calm, uncluttered composition. Every surface in the frame is blank and unmarked, and the photograph carries no lettering, signage, logo or watermark.","",""
"18","why-gulf-humidity-feels-worse-than-the-temperature-suggests.jpg","Why Gulf Humidity Feels Worse Than the Thermometer Says","A photorealistic editorial documentary photograph, 16:9 landscape. A Gulf city skyline at dawn seen through heavy humid haze, condensation beading on a foreground glass balcony rail. Shoot it in natural available light with honest muted colour, candid and unstaged, with real texture and a calm, uncluttered composition. Every surface in the frame is blank and unmarked, and the photograph carries no lettering, signage, logo or watermark.","",""
"19","why-habit-stacking-actually-works.jpg","Why Habit Stacking Actually Works","A photorealistic editorial documentary photograph, 16:9 landscape. A simple morning kitchen counter with a kettle, a mug, running shoes and a notebook lined up in a deliberate row, soft daylight. Shoot it in natural available light with honest muted colour, candid and unstaged, with real texture and a calm, uncluttered composition. Every surface in the frame is blank and unmarked, and the photograph carries no lettering, signage, logo or watermark.","",""
"20","why-handwriting-practice-still-matters-in-a-digital-age.jpg","Why Handwriting Practice Still Matters in a Digital Age","A photorealistic editorial documentary photograph, 16:9 landscape. A child's hand forming letters with a pencil on ruled paper, viewed close and from above, graphite smudge on the page edge. Shoot it in natural available light with honest muted colour, candid and unstaged, with real texture and a calm, uncluttered composition. Keep any written marks soft and illegible, and let the photograph carry no readable lettering, signage, logo or watermark.","",""
"21","why-homework-amounts-vary-so-much-between-countries.jpg","Why Homework Amounts Vary So Much Between Countries","A photorealistic editorial documentary photograph, 16:9 landscape. A schoolbag spilling books and papers onto a bedroom floor in the evening, a small desk lamp casting a pool of light. Shoot it in natural available light with honest muted colour, candid and unstaged, with real texture and a calm, uncluttered composition. Every surface in the frame is blank and unmarked, and the photograph carries no lettering, signage, logo or watermark.","",""
"22","why-in-law-relationships-are-culturally-scripted-so-differently.jpg","Why In-Law Relationships Are Culturally Scripted So Differently","A photorealistic editorial documentary photograph, 16:9 landscape. A long family dinner table after a meal, mismatched chairs slightly askew, plates cleared, warm low lamplight. Shoot it in natural available light with honest muted colour, candid and unstaged, with real texture and a calm, uncluttered composition. Every surface in the frame is blank and unmarked, and the photograph carries no lettering, signage, logo or watermark.","",""
"23","why-is-dubai-rich.jpg","Why Is Dubai So Rich?","A photorealistic editorial documentary photograph, 16:9 landscape. An aerial view of Dubai at golden hour, dense towers meeting desert on one side and the Gulf on the other, cranes on the skyline. Shoot it in natural available light with honest muted colour, candid and unstaged, with real texture and a calm, uncluttered composition. Every surface in the frame is blank and unmarked, and the photograph carries no lettering, signage, logo or watermark.","",""
"24","why-is-the-sky-blue.jpg","Why the Sky Is Blue — The Real Physics Explained Simply","A photorealistic editorial documentary photograph, 16:9 landscape. A vast clear blue desert sky above a low dune horizon, no clouds, a gradient from deep zenith blue to pale haze at the horizon. Shoot it in natural available light with honest muted colour, candid and unstaged, with real texture and a calm, uncluttered composition. Every surface in the frame is blank and unmarked, and the photograph carries no lettering, signage, logo or watermark.","",""
"25","why-jet-lag-hits-some-people-harder-than-others.jpg","Why Jet Lag Hits Some People Harder Than Others","A photorealistic editorial documentary photograph, 16:9 landscape. A traveller asleep awkwardly in an empty airport gate seat at 3am, harsh overhead light, dark windows behind. Shoot it in natural available light with honest muted colour, candid and unstaged, with real texture and a calm, uncluttered composition. Every surface in the frame is blank and unmarked, and the photograph carries no lettering, signage, logo or watermark.","",""
"26","why-lighthouse-design-changed-with-technology.jpg","Why Lighthouse Design Changed With Technology","A photorealistic editorial documentary photograph, 16:9 landscape. A stone lighthouse on a rocky headland at dusk, its beam cutting through sea mist, waves breaking below. Shoot it in natural available light with honest muted colour, candid and unstaged, with real texture and a calm, uncluttered composition. Every surface in the frame is blank and unmarked, and the photograph carries no lettering, signage, logo or watermark.","",""
"27","why-loneliness-affects-physical-health.jpg","Why Loneliness Affects Physical Health","A photorealistic editorial documentary photograph, 16:9 landscape. A single figure seated by a large window in a dim apartment at evening, city lights out of focus beyond the glass. Shoot it in natural available light with honest muted colour, candid and unstaged, with real texture and a calm, uncluttered composition. Every surface in the frame is blank and unmarked, and the photograph carries no lettering, signage, logo or watermark.","",""
"28","why-loyalty-points-programs-are-worth-less-than-they-seem.jpg","Why Loyalty Points Programs Are Worth Less Than They Seem","A photorealistic editorial documentary photograph, 16:9 landscape. A worn leather wallet open on a wooden table spilling a fan of blank unmarked plastic cards. Shoot it in natural available light with honest muted colour, candid and unstaged, with real texture and a calm, uncluttered composition. Every surface in the frame is blank and unmarked, and the photograph carries no lettering, signage, logo or watermark.","",""
"29","why-loyalty-programs-are-designed-to-make-you-spend-more.jpg","Why Loyalty Programs Are Designed to Make You Spend More","A photorealistic editorial documentary photograph, 16:9 landscape. A supermarket aisle from a low angle, a shopper's hand reaching toward a shelf, shallow depth of field, packaging plain and unbranded. Shoot it in natural available light with honest muted colour, candid and unstaged, with real texture and a calm, uncluttered composition. Every surface in the frame is blank and unmarked, and the photograph carries no lettering, signage, logo or watermark.","",""
"30","why-metric-system-not-universal.jpg","Why Some Countries Don't Use the Metric System","A photorealistic editorial documentary photograph, 16:9 landscape. An old wooden workbench with a steel tape measure, brass callipers and a folding ruler laid side by side, warm workshop light. Shoot it in natural available light with honest muted colour, candid and unstaged, with real texture and a calm, uncluttered composition. Keep the measuring scales soft and illegible, and let the photograph carry no readable lettering, signage, logo or watermark.","",""
"31","why-middle-children-get-overlooked-in-psychology-research.jpg","Why Middle Children Get Overlooked in Psychology Research","A photorealistic editorial documentary photograph, 16:9 landscape. Three children walking a path away from camera, the middle one slightly out of step and half a pace behind, late daylight. Shoot it in natural available light with honest muted colour, candid and unstaged, with real texture and a calm, uncluttered composition. Every surface in the frame is blank and unmarked, and the photograph carries no lettering, signage, logo or watermark.","",""
"32","why-moon-sighting-still-matters-for-islamic-dates.jpg","Why Moon Sighting Still Matters for Setting Islamic Dates","A photorealistic editorial documentary photograph, 16:9 landscape. A thin crescent moon low in a deep indigo dusk sky above a minaret silhouette, a single star nearby. Shoot it in natural available light with honest muted colour, candid and unstaged, with real texture and a calm, uncluttered composition. Every surface in the frame is blank and unmarked, and the photograph carries no lettering, signage, logo or watermark.","",""
"33","why-movie-premieres-still-matter-in-the-streaming-era.jpg","Why Movie Premieres Still Matter in the Streaming Era","A photorealistic editorial documentary photograph, 16:9 landscape. A red carpet and velvet rope outside a cinema at night, empty just before the crowd arrives, lights flaring. Shoot it in natural available light with honest muted colour, candid and unstaged, with real texture and a calm, uncluttered composition. Every surface in the frame is blank and unmarked, and the photograph carries no lettering, signage, logo or watermark.","",""
"34","why-movie-sequels-rarely-match-the-original.jpg","Why Movie Sequels Rarely Match the Original","A photorealistic editorial documentary photograph, 16:9 landscape. An empty cinema auditorium with the house lights half up, one seat folded down in the middle of an otherwise pristine row. Shoot it in natural available light with honest muted colour, candid and unstaged, with real texture and a calm, uncluttered composition. Every surface in the frame is blank and unmarked, and the photograph carries no lettering, signage, logo or watermark.","",""
"35","why-msg-got-a-bad-reputation-despite-being-safe.jpg","Why MSG Got a Bad Reputation Despite Being Safe","A photorealistic editorial documentary photograph, 16:9 landscape. Close macro of white crystalline seasoning in a small ceramic dish beside a wooden spoon on a dark kitchen counter. Shoot it in natural available light with honest muted colour, candid and unstaged, with real texture and a calm, uncluttered composition. Every surface in the frame is blank and unmarked, and the photograph carries no lettering, signage, logo or watermark.","",""
"36","why-multigenerational-households-are-rising-again.jpg","Why Multigenerational Households Are Rising Again","A photorealistic editorial documentary photograph, 16:9 landscape. Three generations sharing a living room in the evening, grandmother, parents and a toddler, lamplight and a cluttered comfortable interior. Shoot it in natural available light with honest muted colour, candid and unstaged, with real texture and a calm, uncluttered composition. Every surface in the frame is blank and unmarked, and the photograph carries no lettering, signage, logo or watermark.","",""
"37","why-multiple-time-zones-vs-single.jpg","Why Some Countries Have Multiple Time Zones While Others Don't, Despite Their Size","A photorealistic editorial documentary photograph, 16:9 landscape. A row of identical round wall clocks in an office corridor, each showing a different time, the dials plain and free of markings. Shoot it in natural available light with honest muted colour, candid and unstaged, with real texture and a calm, uncluttered composition. Every surface in the frame is blank and unmarked, and the photograph carries no lettering, signage, logo or watermark.","",""
"38","why-muscle-cramps-happen-during-exercise.jpg","Why Muscle Cramps Happen During Exercise","A photorealistic editorial documentary photograph, 16:9 landscape. A runner stopped at the roadside gripping a calf muscle, bent forward, early morning light and long shadows. Shoot it in natural available light with honest muted colour, candid and unstaged, with real texture and a calm, uncluttered composition. Every surface in the frame is blank and unmarked, and the photograph carries no lettering, signage, logo or watermark.","",""
"39","why-museums-rotate-their-permanent-collections.jpg","Why Museums Rotate Their Permanent Collections","A photorealistic editorial documentary photograph, 16:9 landscape. A museum storage vault with framed paintings racked on sliding mesh screens, a conservator sliding one out. Shoot it in natural available light with honest muted colour, candid and unstaged, with real texture and a calm, uncluttered composition. Every surface in the frame is blank and unmarked, and the photograph carries no lettering, signage, logo or watermark.","",""
"40","why-neom-the-line-project-changed-design.jpg","Why NEOM's The Line Project Changed Urban Design Debate","A photorealistic editorial documentary photograph, 16:9 landscape. A vast empty desert valley at sunrise with survey stakes and tyre tracks crossing the sand, mountains in the far distance. Shoot it in natural available light with honest muted colour, candid and unstaged, with real texture and a calm, uncluttered composition. Every surface in the frame is blank and unmarked, and the photograph carries no lettering, signage, logo or watermark.","",""
"41","why-password-managers-still-get-hacked.jpg","Why Password Managers Still Get Hacked","A photorealistic editorial documentary photograph, 16:9 landscape. A darkened desk at night with a laptop closed and a small hardware security key resting on the aluminium lid. Shoot it in natural available light with honest muted colour, candid and unstaged, with real texture and a calm, uncluttered composition. Every surface in the frame is blank and unmarked, and the photograph carries no lettering, signage, logo or watermark.","",""
"42","why-protein-became-the-most-marketed-nutrient.jpg","Why Protein Became the Most Marketed Nutrient","A photorealistic editorial documentary photograph, 16:9 landscape. A gym locker room bench with a plain shaker bottle, a folded towel and a scoop of pale powder spilled beside it. Shoot it in natural available light with honest muted colour, candid and unstaged, with real texture and a calm, uncluttered composition. Every surface in the frame is blank and unmarked, and the photograph carries no lettering, signage, logo or watermark.","",""
"43","why-ramadan-fasting-hours-differ-by-country.jpg","Why Ramadan Fasting Hours Differ by Country","A photorealistic editorial documentary photograph, 16:9 landscape. A table set for iftar with dates and water at dusk, the last orange light fading through a window behind. Shoot it in natural available light with honest muted colour, candid and unstaged, with real texture and a calm, uncluttered composition. Every surface in the frame is blank and unmarked, and the photograph carries no lettering, signage, logo or watermark.","",""
"44","why-red-light-therapy-claims-outpace-the-evidence.jpg","Why Red Light Therapy Claims Outpace the Evidence","A photorealistic editorial documentary photograph, 16:9 landscape. A dim clinic room bathed entirely in deep red light from a panel, an empty treatment chair in the centre. Shoot it in natural available light with honest muted colour, candid and unstaged, with real texture and a calm, uncluttered composition. Every surface in the frame is blank and unmarked, and the photograph carries no lettering, signage, logo or watermark.","",""
"45","why-remakes-and-reboots-dominate-hollywood.jpg","Why Remakes and Reboots Dominate Hollywood","A photorealistic editorial documentary photograph, 16:9 landscape. Stacked film reel canisters and a clapperboard in a dusty studio storeroom, a single window shaft of light. Shoot it in natural available light with honest muted colour, candid and unstaged, with real texture and a calm, uncluttered composition. Every surface in the frame is blank and unmarked, and the photograph carries no lettering, signage, logo or watermark.","",""
"46","why-remote-work-productivity-claims-are-contested.jpg","Why Remote Work Productivity Claims Are Contested","A photorealistic editorial documentary photograph, 16:9 landscape. A home desk by a window with a laptop, a cold coffee and a kitchen chair, half-drawn curtains, ordinary mid-morning light. Shoot it in natural available light with honest muted colour, candid and unstaged, with real texture and a calm, uncluttered composition. Every surface in the frame is blank and unmarked, and the photograph carries no lettering, signage, logo or watermark.","",""
"47","why-riyadh-season-became-a-global-entertainment-draw.jpg","Why Riyadh Season Became a Global Entertainment Draw","A photorealistic editorial documentary photograph, 16:9 landscape. A large outdoor entertainment park at night with a lit ferris wheel and crowds in silhouette, warm bulb strings overhead. Shoot it in natural available light with honest muted colour, candid and unstaged, with real texture and a calm, uncluttered composition. Every surface in the frame is blank and unmarked, and the photograph carries no lettering, signage, logo or watermark.","",""
"48","why-rumors-about-public-figures-spread-faster-than-facts.jpg","Why Rumors About Public Figures Spread Faster Than the Facts","A photorealistic editorial documentary photograph, 16:9 landscape. A crowd of hands holding up phones at a night event, the screens glowing plain and empty, faces out of focus behind. Shoot it in natural available light with honest muted colour, candid and unstaged, with real texture and a calm, uncluttered composition. Every surface in the frame is blank and unmarked, and the photograph carries no lettering, signage, logo or watermark.","",""
"49","why-saudi-arabia-hunts-desert-truffles-every-spring.jpg","Why Saudi Arabia Hunts Desert Truffles Yearly","A photorealistic editorial documentary photograph, 16:9 landscape. Hands brushing sand from a cluster of pale desert truffles, a shallow dug hollow in the desert floor, low morning sun. Shoot it in natural available light with honest muted colour, candid and unstaged, with real texture and a calm, uncluttered composition. Every surface in the frame is blank and unmarked, and the photograph carries no lettering, signage, logo or watermark.","",""
"50","why-saudi-arabia-lifted-its-decades-long-cinema-ban.jpg","Why Saudi Arabia Lifted Its Decades-Long Cinema Ban","A photorealistic editorial documentary photograph, 16:9 landscape. A modern cinema foyer with empty seats visible through open doors, warm ambient lighting, the walls plain and bare. Shoot it in natural available light with honest muted colour, candid and unstaged, with real texture and a calm, uncluttered composition. Every surface in the frame is blank and unmarked, and the photograph carries no lettering, signage, logo or watermark.","",""
"51","why-shrinkflation-happens-and-how-its-tracked.jpg","Why Shrinkflation Happens and How It's Actually Tracked","A photorealistic editorial documentary photograph, 16:9 landscape. Two identical plain cardboard packages of noticeably different size side by side on a plain kitchen counter. Shoot it in natural available light with honest muted colour, candid and unstaged, with real texture and a calm, uncluttered composition. Every surface in the frame is blank and unmarked, and the photograph carries no lettering, signage, logo or watermark.","",""
"52","why-ski-dubai-can-make-real-snow-in-the-desert.jpg","Why Ski Dubai Can Make Real Snow in a Mall","A photorealistic editorial documentary photograph, 16:9 landscape. An indoor snow slope under artificial lighting with real snow and a chairlift, viewed from the base. Shoot it in natural available light with honest muted colour, candid and unstaged, with real texture and a calm, uncluttered composition. Every surface in the frame is blank and unmarked, and the photograph carries no lettering, signage, logo or watermark.","",""
"53","why-small-talk-norms-differ-between-cultures.jpg","Why Small Talk Norms Differ Between Cultures","A photorealistic editorial documentary photograph, 16:9 landscape. Two strangers standing slightly apart in a lift lobby, both waiting, polite distance between them, cool daylight. Shoot it in natural available light with honest muted colour, candid and unstaged, with real texture and a calm, uncluttered composition. Every surface in the frame is blank and unmarked, and the photograph carries no lettering, signage, logo or watermark.","",""
"54","why-some-cities-have-sister-cities.jpg","Why Some Cities Have Sister Cities","A photorealistic editorial documentary photograph, 16:9 landscape. Two distant city skylines photographed across water at dusk, layered in atmospheric haze. Shoot it in natural available light with honest muted colour, candid and unstaged, with real texture and a calm, uncluttered composition. Every surface in the frame is blank and unmarked, and the photograph carries no lettering, signage, logo or watermark.","",""
"55","why-some-countries-are-landlocked.jpg","Why Some Countries Have No Coastline at All","A photorealistic editorial documentary photograph, 16:9 landscape. A high mountain pass with a winding road descending into a broad inland valley, no water in sight. Shoot it in natural available light with honest muted colour, candid and unstaged, with real texture and a calm, uncluttered composition. Every surface in the frame is blank and unmarked, and the photograph carries no lettering, signage, logo or watermark.","",""
"56","why-some-countries-drive-on-the-left.jpg","Why Some Countries Drive on the Left","A photorealistic editorial documentary photograph, 16:9 landscape. A wet country road at dawn curving away, a single car's tail lights receding on the left-hand side. Shoot it in natural available light with honest muted colour, candid and unstaged, with real texture and a calm, uncluttered composition. Every surface in the frame is blank and unmarked, and the photograph carries no lettering, signage, logo or watermark.","",""
"57","why-some-countries-have-more-than-one-official-language.jpg","Why Some Countries Have More Than One Official Language","A photorealistic editorial documentary photograph, 16:9 landscape. A public noticeboard in a transit hall with several blank paper sheets pinned in neat parallel columns. Shoot it in natural available light with honest muted colour, candid and unstaged, with real texture and a calm, uncluttered composition. Every surface in the frame is blank and unmarked, and the photograph carries no lettering, signage, logo or watermark.","",""
"58","why-some-countries-have-no-army.jpg","Why Some Countries Have No Standing Army","A photorealistic editorial documentary photograph, 16:9 landscape. A quiet border crossing with a raised barrier and an empty guard post, mountains beyond, soft morning light. Shoot it in natural available light with honest muted colour, candid and unstaged, with real texture and a calm, uncluttered composition. Every surface in the frame is blank and unmarked, and the photograph carries no lettering, signage, logo or watermark.","",""
"59","why-some-countries-start-school-much-later-in-the-morning.jpg","Why Some Countries Start School Much Later","A photorealistic editorial documentary photograph, 16:9 landscape. A school gate at first light with mist on the playground, empty and waiting. Shoot it in natural available light with honest muted colour, candid and unstaged, with real texture and a calm, uncluttered composition. Every surface in the frame is blank and unmarked, and the photograph carries no lettering, signage, logo or watermark.","",""
"60","why-some-countries-use-commas-and-others-periods-in-numbers.jpg","Why Some Countries Use Commas, Others Periods in Numbers","A photorealistic editorial documentary photograph, 16:9 landscape. An old mechanical adding machine on a desk with a curl of blank paper tape, warm side light. Shoot it in natural available light with honest muted colour, candid and unstaged, with real texture and a calm, uncluttered composition. Every surface in the frame is blank and unmarked, and the photograph carries no lettering, signage, logo or watermark.","",""
"61","why-some-countries-use-different-calendars.jpg","Why Some Countries Use Different Calendars","A photorealistic editorial documentary photograph, 16:9 landscape. A wall of blank paper calendar pages pinned in a grid, edges curling, plain daylight. Shoot it in natural available light with honest muted colour, candid and unstaged, with real texture and a calm, uncluttered composition. Every surface in the frame is blank and unmarked, and the photograph carries no lettering, signage, logo or watermark.","",""
"62","why-some-countries-use-fahrenheit.jpg","Why Some Countries Still Use Fahrenheit","A photorealistic editorial documentary photograph, 16:9 landscape. A weathered outdoor mercury thermometer mounted on a painted wooden wall, the scale worn smooth and unreadable, afternoon sun. Shoot it in natural available light with honest muted colour, candid and unstaged, with real texture and a calm, uncluttered composition. Every surface in the frame is blank and unmarked, and the photograph carries no lettering, signage, logo or watermark.","",""
"63","why-some-countries-write-dates-day-first-and-others-month-first.jpg","Why Some Countries Write Dates Day-First, Others Month-First","A photorealistic editorial documentary photograph, 16:9 landscape. A desk diary open to a blank double page beside a fountain pen, morning window light. Shoot it in natural available light with honest muted colour, candid and unstaged, with real texture and a calm, uncluttered composition. Every surface in the frame is blank and unmarked, and the photograph carries no lettering, signage, logo or watermark.","",""
"64","why-some-flags-look-so-similar.jpg","Why Do So Many National Flags Look So Similar?","A photorealistic editorial documentary photograph, 16:9 landscape. Several plain unmarked coloured banners hanging limp on a row of flagpoles against an overcast sky. Shoot it in natural available light with honest muted colour, candid and unstaged, with real texture and a calm, uncluttered composition. Every surface in the frame is blank and unmarked, and the photograph carries no lettering, signage, logo or watermark.","",""
"65","why-some-metals-are-magnetic-and-others-arent.jpg","Why Some Metals Are Magnetic and Others Aren't","A photorealistic editorial documentary photograph, 16:9 landscape. Iron filings arranged into field lines around a bar magnet on white paper, shot close and from above. Shoot it in natural available light with honest muted colour, candid and unstaged, with real texture and a calm, uncluttered composition. Every surface in the frame is blank and unmarked, and the photograph carries no lettering, signage, logo or watermark.","",""
"66","why-some-metals-rust-and-others-dont.jpg","Why Some Metals Rust and Others Don't","A photorealistic editorial documentary photograph, 16:9 landscape. A weathered steel gate with deep orange rust beside an untouched stainless hinge, macro texture, flat daylight. Shoot it in natural available light with honest muted colour, candid and unstaged, with real texture and a calm, uncluttered composition. Every surface in the frame is blank and unmarked, and the photograph carries no lettering, signage, logo or watermark.","",""
"67","why-some-people-are-mosquito-magnets.jpg","Why Some People Are Mosquito Magnets","A photorealistic editorial documentary photograph, 16:9 landscape. A mosquito resting on human forearm skin at dusk, extreme macro, soft green background bokeh. Shoot it in natural available light with honest muted colour, candid and unstaged, with real texture and a calm, uncluttered composition. Every surface in the frame is blank and unmarked, and the photograph carries no lettering, signage, logo or watermark.","",""
"68","why-some-people-are-supertasters-and-others-arent.jpg","Why Some People Are Supertasters and Others Aren't","A photorealistic editorial documentary photograph, 16:9 landscape. A close portrait detail of a tongue touching a small piece of bitter green vegetable on a fork, neutral light. Shoot it in natural available light with honest muted colour, candid and unstaged, with real texture and a calm, uncluttered composition. Every surface in the frame is blank and unmarked, and the photograph carries no lettering, signage, logo or watermark.","",""
"69","why-some-people-cant-sit-with-silence.jpg","Why Some People Can't Sit With Silence","A photorealistic editorial documentary photograph, 16:9 landscape. An empty armchair in a bare room with a phone face-down on the arm, quiet afternoon light through a blind. Shoot it in natural available light with honest muted colour, candid and unstaged, with real texture and a calm, uncluttered composition. Every surface in the frame is blank and unmarked, and the photograph carries no lettering, signage, logo or watermark.","",""
"70","why-some-people-never-get-hangovers.jpg","Why Some People Never Get Hangovers","A photorealistic editorial documentary photograph, 16:9 landscape. A kitchen counter the morning after, one empty glass and a half-full water jug, hard morning light through a window. Shoot it in natural available light with honest muted colour, candid and unstaged, with real texture and a calm, uncluttered composition. Every surface in the frame is blank and unmarked, and the photograph carries no lettering, signage, logo or watermark.","",""
"71","why-some-scents-trigger-strong-memories.jpg","Why Some Scents Trigger Strong Memories","A photorealistic editorial documentary photograph, 16:9 landscape. A hand lifting the lid of an old wooden box of dried herbs and lavender, dust motes in a shaft of light. Shoot it in natural available light with honest muted colour, candid and unstaged, with real texture and a calm, uncluttered composition. Every surface in the frame is blank and unmarked, and the photograph carries no lettering, signage, logo or watermark.","",""
"72","why-some-scripts-are-written-right-to-left.jpg","Why Some Languages Are Written Right to Left","A photorealistic editorial documentary photograph, 16:9 landscape. A calligrapher's desk with a reed pen, ink pot and a sheet of blank cream paper, warm raking light, the page still unwritten. Shoot it in natural available light with honest muted colour, candid and unstaged, with real texture and a calm, uncluttered composition. Every surface in the frame is blank and unmarked, and the photograph carries no lettering, signage, logo or watermark.","",""
"73","why-sports-drinks-contain-more-sugar-than-people-realize.jpg","Why Sports Drinks Contain More Sugar Than People Realize","A photorealistic editorial documentary photograph, 16:9 landscape. A clear plain bottle of bright coloured liquid on a gym bench beside a small heap of white sugar crystals. Shoot it in natural available light with honest muted colour, candid and unstaged, with real texture and a calm, uncluttered composition. Every surface in the frame is blank and unmarked, and the photograph carries no lettering, signage, logo or watermark.","",""
"74","why-standardized-testing-remains-controversial.jpg","Why Standardized Testing Remains Controversial","A photorealistic editorial documentary photograph, 16:9 landscape. Rows of identical exam desks in a large hall, each with a blank answer sheet and a sharpened pencil, cold overhead light. Shoot it in natural available light with honest muted colour, candid and unstaged, with real texture and a calm, uncluttered composition. Every surface in the frame is blank and unmarked, and the photograph carries no lettering, signage, logo or watermark.","",""
"75","why-streaming-services-keep-raising-prices.jpg","Why Streaming Services Keep Raising Prices Every Year","A photorealistic editorial documentary photograph, 16:9 landscape. A dim living room at night lit only by a large television screen glowing plain and empty, sofa in soft silhouette. Shoot it in natural available light with honest muted colour, candid and unstaged, with real texture and a calm, uncluttered composition. Every surface in the frame is blank and unmarked, and the photograph carries no lettering, signage, logo or watermark.","",""
"76","why-subscription-services-make-cancelling-harder-than-signing-up.jpg","Why Cancelling Subscriptions Is Harder Than Signing Up","A photorealistic editorial documentary photograph, 16:9 landscape. A person's hands holding a phone at a kitchen table late at night, the screen glowing plain and empty, frustrated posture. Shoot it in natural available light with honest muted colour, candid and unstaged, with real texture and a calm, uncluttered composition. Every surface in the frame is blank and unmarked, and the photograph carries no lettering, signage, logo or watermark.","",""
"77","why-sugar-cravings-spike-at-night.jpg","Why Sugar Cravings Spike at Night","A photorealistic editorial documentary photograph, 16:9 landscape. An open fridge at night casting cold light into a dark kitchen, a figure standing in the doorway light. Shoot it in natural available light with honest muted colour, candid and unstaged, with real texture and a calm, uncluttered composition. Every surface in the frame is blank and unmarked, and the photograph carries no lettering, signage, logo or watermark.","",""
"78","why-sugar-substitutes-are-controversial.jpg","Why Sugar Substitutes Are Controversial","A photorealistic editorial documentary photograph, 16:9 landscape. Small plain paper sachets and a scattering of white powder beside an espresso cup on a café table. Shoot it in natural available light with honest muted colour, candid and unstaged, with real texture and a calm, uncluttered composition. Every surface in the frame is blank and unmarked, and the photograph carries no lettering, signage, logo or watermark.","",""
"79","why-surnames-didnt-exist-for-most-of-human-history.jpg","Why Surnames Didn't Exist for Most of Human History","A photorealistic editorial documentary photograph, 16:9 landscape. A weathered stone churchyard wall with carved markers worn smooth and illegible, ivy and grey daylight. Shoot it in natural available light with honest muted colour, candid and unstaged, with real texture and a calm, uncluttered composition. Every surface in the frame is blank and unmarked, and the photograph carries no lettering, signage, logo or watermark.","",""
"80","why-textbook-prices-are-so-high.jpg","Why Textbook Prices Are So High","A photorealistic editorial documentary photograph, 16:9 landscape. A tall stack of thick hardback books on a student desk beside an empty wallet, plain daylight, the spines blank. Shoot it in natural available light with honest muted colour, candid and unstaged, with real texture and a calm, uncluttered composition. Every surface in the frame is blank and unmarked, and the photograph carries no lettering, signage, logo or watermark.","",""
"81","why-the-2026-world-cup-expanded-to-48-teams.jpg","Why the 2026 World Cup Expanded to 48 Teams","A photorealistic editorial documentary photograph, 16:9 landscape. An empty modern football stadium bowl at dusk, floodlights warming up, pristine green pitch, the hoardings plain and bare. Shoot it in natural available light with honest muted colour, candid and unstaged, with real texture and a calm, uncluttered composition. Every surface in the frame is blank and unmarked, and the photograph carries no lettering, signage, logo or watermark.","",""
"82","why-the-appendix-might-not-be-useless.jpg","Why the Appendix Might Not Be Useless","A photorealistic editorial documentary photograph, 16:9 landscape. An anatomical teaching model of the human abdomen on a lecture bench, soft window light, the model unlabelled. Shoot it in natural available light with honest muted colour, candid and unstaged, with real texture and a calm, uncluttered composition. Every surface in the frame is blank and unmarked, and the photograph carries no lettering, signage, logo or watermark.","",""
"83","why-the-library-of-alexandria-was-actually-destroyed.jpg","Why the Library of Alexandria Was Actually Destroyed","A photorealistic editorial documentary photograph, 16:9 landscape. Sunlight falling through tall ancient stone columns onto a dusty floor scattered with fragments of blank papyrus. Shoot it in natural available light with honest muted colour, candid and unstaged, with real texture and a calm, uncluttered composition. Every surface in the frame is blank and unmarked, and the photograph carries no lettering, signage, logo or watermark.","",""
"84","why-the-ocean-is-salty.jpg","Why the Ocean Is Salty","A photorealistic editorial documentary photograph, 16:9 landscape. A wave breaking over dark coastal rocks with salt crystals crusted in the crevices, overcast sea light. Shoot it in natural available light with honest muted colour, candid and unstaged, with real texture and a calm, uncluttered composition. Every surface in the frame is blank and unmarked, and the photograph carries no lettering, signage, logo or watermark.","",""
"85","why-the-same-folk-tales-appear-in-unconnected-cultures.jpg","Why the Same Folk Tales Appear in Unconnected Cultures","A photorealistic editorial documentary photograph, 16:9 landscape. An outdoor night fire with people seated around it in silhouette, sparks rising into the dark. Shoot it in natural available light with honest muted colour, candid and unstaged, with real texture and a calm, uncluttered composition. Every surface in the frame is blank and unmarked, and the photograph carries no lettering, signage, logo or watermark.","",""
"86","why-the-sky-changes-color-at-sunset.jpg","Why the Sky Changes Color at Sunset","A photorealistic editorial documentary photograph, 16:9 landscape. A wide desert horizon at sunset with the sky banded from deep orange through rose to violet, a single dune ridge below. Shoot it in natural available light with honest muted colour, candid and unstaged, with real texture and a calm, uncluttered composition. Every surface in the frame is blank and unmarked, and the photograph carries no lettering, signage, logo or watermark.","",""
"87","why-time-zones-exist.jpg","Why Time Zones Exist and How They Were Standardized","A photorealistic editorial documentary photograph, 16:9 landscape. A long railway platform at dawn with an empty track curving away, a station clock on its bracket with a plain blank dial. Shoot it in natural available light with honest muted colour, candid and unstaged, with real texture and a calm, uncluttered composition. Every surface in the frame is blank and unmarked, and the photograph carries no lettering, signage, logo or watermark.","",""
"88","why-time-zones-exist-and-who-decides-them.jpg","Why Time Zones Exist and Who Decides Them","A photorealistic editorial documentary photograph, 16:9 landscape. A brass transit telescope in a historic observatory dome, shaft of daylight through the shutter slot. Shoot it in natural available light with honest muted colour, candid and unstaged, with real texture and a calm, uncluttered composition. Every surface in the frame is blank and unmarked, and the photograph carries no lettering, signage, logo or watermark.","",""
"89","why-tipping-culture-varies-so-much-by-country.jpg","Why Tipping Culture Varies So Much by Country","A photorealistic editorial documentary photograph, 16:9 landscape. A small metal tray on a restaurant table holding a folded blank receipt and a few loose coins, warm evening light. Shoot it in natural available light with honest muted colour, candid and unstaged, with real texture and a calm, uncluttered composition. Every surface in the frame is blank and unmarked, and the photograph carries no lettering, signage, logo or watermark.","",""
"90","why-twins-develop-different-personalities-despite-identical-genes.jpg","Why Twins Develop Different Personalities","A photorealistic editorial documentary photograph, 16:9 landscape. Two identical twin children sitting on a doorstep, one leaning forward and one drawn back, different postures, natural light. Shoot it in natural available light with honest muted colour, candid and unstaged, with real texture and a calm, uncluttered composition. Every surface in the frame is blank and unmarked, and the photograph carries no lettering, signage, logo or watermark.","",""
"91","why-two-factor-authentication-isnt-foolproof.jpg","Why Two-Factor Authentication Isn't Foolproof","A photorealistic editorial documentary photograph, 16:9 landscape. A phone lying face-up on a desk beside a laptop keyboard at night, the screen glowing plain and empty, cool light. Shoot it in natural available light with honest muted colour, candid and unstaged, with real texture and a calm, uncluttered composition. Every surface in the frame is blank and unmarked, and the photograph carries no lettering, signage, logo or watermark.","",""
"92","why-university-rankings-are-controversial.jpg","Why University Rankings Are Controversial","A photorealistic editorial documentary photograph, 16:9 landscape. A grand old university quadrangle in early morning light, empty of people, long shadows across the lawn. Shoot it in natural available light with honest muted colour, candid and unstaged, with real texture and a calm, uncluttered composition. Every surface in the frame is blank and unmarked, and the photograph carries no lettering, signage, logo or watermark.","",""
"93","why-we-forget-dreams-so-quickly.jpg","Why We Forget Dreams So Quickly","A photorealistic editorial documentary photograph, 16:9 landscape. A rumpled empty bed in early dawn light, sheets thrown back, curtains barely glowing. Shoot it in natural available light with honest muted colour, candid and unstaged, with real texture and a calm, uncluttered composition. Every surface in the frame is blank and unmarked, and the photograph carries no lettering, signage, logo or watermark.","",""
"94","why-world-cup-2026-stadium-cooling-technology-actually-works.jpg","Why World Cup 2026 Stadium Cooling Technology Actually Works","A photorealistic editorial documentary photograph, 16:9 landscape. Large industrial air-handling ducts and vents beneath a stadium's spectator tier, pipes and grilles in raking light. Shoot it in natural available light with honest muted colour, candid and unstaged, with real texture and a calm, uncluttered composition. Every surface in the frame is blank and unmarked, and the photograph carries no lettering, signage, logo or watermark.","",""
"95","why-world-maps-distort-country-size.jpg","Why World Maps Distort the True Size of Countries","A photorealistic editorial documentary photograph, 16:9 landscape. An old paper world map curling at the edges on a wooden table, lit warmly from the side, the printing soft and illegible. Shoot it in natural available light with honest muted colour, candid and unstaged, with real texture and a calm, uncluttered composition. Keep all printing soft and unreadable, and let the photograph carry no legible lettering, signage, logo or watermark.","",""
"96","why-yawning-is-contagious.jpg","Why Yawning Is Contagious","A photorealistic editorial documentary photograph, 16:9 landscape. A lecture hall from the back with several students mid-yawn in the rows, soft daylight from high windows. Shoot it in natural available light with honest muted colour, candid and unstaged, with real texture and a calm, uncluttered composition. Every surface in the frame is blank and unmarked, and the photograph carries no lettering, signage, logo or watermark.","",""
"97","why-you-cannot-fully-repay-sleep-debt.jpg","Why You Cannot Fully Repay Sleep Debt","A photorealistic editorial documentary photograph, 16:9 landscape. An unmade bed in a bright late-morning bedroom, an alarm clock face-down on the side table. Shoot it in natural available light with honest muted colour, candid and unstaged, with real texture and a calm, uncluttered composition. Every surface in the frame is blank and unmarked, and the photograph carries no lettering, signage, logo or watermark.","",""
"98","why-your-attention-span-feels-shorter-than-it-used-to.jpg","Why Your Attention Span Feels Shorter Than It Used To","A photorealistic editorial documentary photograph, 16:9 landscape. A person on a sofa holding a phone with an open unread book beside them, evening lamplight. Shoot it in natural available light with honest muted colour, candid and unstaged, with real texture and a calm, uncluttered composition. Every surface in the frame is blank and unmarked, and the photograph carries no lettering, signage, logo or watermark.","",""
"99","why-your-phone-battery-degrades-over-time.jpg","Why Your Phone Battery Degrades Over Time","A photorealistic editorial documentary photograph, 16:9 landscape. A dismantled smartphone on an electronics repair mat with its swollen battery lifted out by tweezers, task lamp light. Shoot it in natural available light with honest muted colour, candid and unstaged, with real texture and a calm, uncluttered composition. Every surface in the frame is blank and unmarked, and the photograph carries no lettering, signage, logo or watermark.","",""
"100","woodblock-printing-history.jpg","The History of Woodblock Printing","A photorealistic editorial documentary photograph, 16:9 landscape. A carved wooden printing block inked and resting beside a freshly pressed blank sheet in a traditional print workshop. Shoot it in natural available light with honest muted colour, candid and unstaged, with real texture and a calm, uncluttered composition. Keep the carved marks abstract and unreadable, and let the photograph carry no legible lettering, signage, logo or watermark.","",""
"101","world-cup-2026-final-referee.jpg","How FIFA Picks the World Cup Final Referee","A photorealistic editorial documentary photograph, 16:9 landscape. A football referee's whistle, cards and watch laid out on a wooden bench in an empty changing room, everything plain and unbranded. Shoot it in natural available light with honest muted colour, candid and unstaged, with real texture and a calm, uncluttered composition. Every surface in the frame is blank and unmarked, and the photograph carries no lettering, signage, logo or watermark.","",""
"102","world-cup-2026-group-stage-pressure-arab-teams.jpg","World Cup 2026 Group-Stage Pressure: Which Arab Team Handles It Best?","A photorealistic editorial documentary photograph, 16:9 landscape. An empty floodlit football pitch at night seen from the tunnel mouth, dark stands rising beyond. Shoot it in natural available light with honest muted colour, candid and unstaged, with real texture and a calm, uncluttered composition. Every surface in the frame is blank and unmarked, and the photograph carries no lettering, signage, logo or watermark.","",""
"103","world-cup-2026-tickets-guide.jpg","World Cup 2026 Tickets Guide: Phases, Prices and Scam Safety","A photorealistic editorial documentary photograph, 16:9 landscape. A stadium turnstile entrance at dusk with empty barriers and a queue rail, warm floodlight spill. Shoot it in natural available light with honest muted colour, candid and unstaged, with real texture and a calm, uncluttered composition. Every surface in the frame is blank and unmarked, and the photograph carries no lettering, signage, logo or watermark.","",""
"104","yanbu-saudi-arabia-guide.jpg","Yanbu, Saudi Arabia: Port, Industry, Diving, and Living","A photorealistic editorial documentary photograph, 16:9 landscape. A Red Sea industrial port at golden hour with cranes and jetties, calm clear water in the foreground. Shoot it in natural available light with honest muted colour, candid and unstaged, with real texture and a calm, uncluttered composition. Every surface in the frame is blank and unmarked, and the photograph carries no lettering, signage, logo or watermark.","",""
"105","yas-island-abu-dhabi.jpg","Yas Island: Abu Dhabi’s Entertainment Capital","A photorealistic editorial documentary photograph, 16:9 landscape. A wide aerial of a modern leisure island at dusk with waterfront promenades and lit venues, Gulf water around it. Shoot it in natural available light with honest muted colour, candid and unstaged, with real texture and a calm, uncluttered composition. Every surface in the frame is blank and unmarked, and the photograph carries no lettering, signage, logo or watermark.","",""
"106","zamalek-sc-explained.jpg","Zamalek SC: History, Trophies and the Cairo Derby Explained","A photorealistic editorial documentary photograph, 16:9 landscape. A packed football terrace at night in silhouette, hands raised, floodlight glare above, the banners plain and unmarked. Shoot it in natural available light with honest muted colour, candid and unstaged, with real texture and a calm, uncluttered composition. Every surface in the frame is blank and unmarked, and the photograph carries no lettering, signage, logo or watermark.","",""
